timestamp_iso,setting,num_clients,client_id,deg-in_pos_pct,deg-out_pos_pct,fan-in_pos_pct,fan-out_pos_pct,C2_pos_pct,C3_pos_pct,C4_pos_pct,C5_pos_pct,C6_pos_pct,S-G_pos_pct,B-C_pos_pct
2026-03-29T21:07:15,global_test_set,N/A,all,34.86,35.33,32.4,32.53,19.31,33.15,51.92,67.75,78.32,30.77,32.06
2026-03-29T21:07:15,global_labels_per_client_3clients_with_cross_edges,3,0,35.6,35.6,33.47,32.4,19.63,33.54,51.85,68.11,78.86,30.68,31.82
2026-03-29T21:07:15,global_labels_per_client_3clients_with_cross_edges,3,1,35.14,35.58,32.54,32.94,19.13,32.83,52.55,68.67,78.75,31.62,32.8
2026-03-29T21:07:15,global_labels_per_client_3clients_with_cross_edges,3,2,34.08,35.04,31.4,32.46,19.3,33.31,51.69,66.91,77.87,30.22,31.76
2026-03-29T21:07:15,local_labels_3clients_with_cross_edges,3,0,35.6,35.6,33.47,32.4,19.63,4.29,20.77,26.02,33.76,14.09,16.4
2026-03-29T21:07:15,local_labels_3clients_with_cross_edges,3,1,35.14,35.58,32.54,32.94,19.13,3.26,19.82,23.93,31.77,13.96,16.31
2026-03-29T21:07:15,local_labels_3clients_with_cross_edges,3,2,34.08,35.04,31.4,32.46,19.3,3.53,20.77,23.01,28.49,13.05,14.15
2026-03-29T21:07:15,global_labels_per_client_5clients_with_cross_edges,5,0,35.29,35.78,32.54,33.33,19.76,34.13,53.27,66.48,77.55,30.21,30.52
2026-03-29T21:07:15,global_labels_per_client_5clients_with_cross_edges,5,1,34.35,34.84,32.58,32.21,20.23,33.62,50.92,68.28,78.12,31.48,32.52
2026-03-29T21:07:15,global_labels_per_client_5clients_with_cross_edges,5,2,36.23,33.23,34.33,30.29,18.79,32.74,51.71,66.77,78.27,31.03,32.31
2026-03-29T21:07:15,global_labels_per_client_5clients_with_cross_edges,5,3,33.41,36.66,30.42,33.6,18.6,32.62,51.77,68.05,78.82,30.11,32.56
2026-03-29T21:07:15,global_labels_per_client_5clients_with_cross_edges,5,4,35.41,36.51,32.48,33.58,19.39,33.03,52.48,69.91,79.69,31.38,32.72
2026-03-29T21:07:15,local_labels_5clients_with_cross_edges,5,0,35.29,35.78,32.54,33.33,19.76,2.45,10.4,7.16,9.36,7.03,8.2
2026-03-29T21:07:15,local_labels_5clients_with_cross_edges,5,1,34.35,34.84,32.58,32.21,20.23,2.38,11.25,7.82,11.74,8.92,10.15
2026-03-29T21:07:15,local_labels_5clients_with_cross_edges,5,2,36.23,33.23,34.33,30.29,18.79,2.02,8.81,4.77,9.67,6.12,9.42
2026-03-29T21:07:15,local_labels_5clients_with_cross_edges,5,3,33.41,36.66,30.42,33.6,18.6,2.2,9.0,6.79,12.67,7.34,10.59
2026-03-29T21:07:15,local_labels_5clients_with_cross_edges,5,4,35.41,36.51,32.48,33.58,19.39,2.32,10.7,7.34,11.25,8.38,10.03
2026-03-29T21:07:15,global_labels_per_client_10clients_with_cross_edges,10,0,36.39,35.41,33.09,31.99,18.56,33.46,51.89,67.16,79.0,30.16,32.84
2026-03-29T21:07:15,global_labels_per_client_10clients_with_cross_edges,10,1,32.68,34.15,31.1,31.46,18.78,34.02,49.27,68.54,79.15,29.39,29.76
2026-03-29T21:07:15,global_labels_per_client_10clients_with_cross_edges,10,2,37.73,34.92,35.53,32.6,19.66,34.31,53.36,65.45,76.31,33.21,32.72
2026-03-29T21:07:15,global_labels_per_client_10clients_with_cross_edges,10,3,34.11,35.58,30.92,33.01,19.39,33.37,54.11,70.55,79.88,30.92,31.41
2026-03-29T21:07:15,global_labels_per_client_10clients_with_cross_edges,10,4,34.44,35.91,32.48,32.72,19.12,35.05,51.96,68.14,78.8,32.11,32.23
2026-03-29T21:07:15,global_labels_per_client_10clients_with_cross_edges,10,5,32.84,36.14,30.16,34.31,18.32,32.11,51.16,67.16,76.92,29.3,30.53
2026-03-29T21:07:15,global_labels_per_client_10clients_with_cross_edges,10,6,34.31,34.07,31.5,31.37,20.34,32.35,52.57,65.2,76.23,29.17,31.62
2026-03-29T21:07:15,global_labels_per_client_10clients_with_cross_edges,10,7,33.66,37.84,32.31,34.89,20.64,31.82,50.74,65.48,77.15,30.84,33.17
2026-03-29T21:07:15,global_labels_per_client_10clients_with_cross_edges,10,8,34.11,34.84,31.17,31.54,19.56,32.52,53.42,70.78,81.17,30.68,32.52
2026-03-29T21:07:15,global_labels_per_client_10clients_with_cross_edges,10,9,39.12,35.21,36.43,32.15,19.19,33.25,51.83,70.54,80.32,32.64,34.47
2026-03-29T21:07:15,local_labels_10clients_with_cross_edges,10,0,36.39,35.41,33.09,31.99,18.56,1.47,3.91,2.44,2.69,3.3,5.25
2026-03-29T21:07:15,local_labels_10clients_with_cross_edges,10,1,32.68,34.15,31.1,31.46,18.78,0.98,3.54,2.32,2.2,3.9,3.9
2026-03-29T21:07:15,local_labels_10clients_with_cross_edges,10,2,37.73,34.92,35.53,32.6,19.66,0.49,4.88,1.1,1.1,4.64,3.66
2026-03-29T21:07:15,local_labels_10clients_with_cross_edges,10,3,34.11,35.58,30.92,33.01,19.39,0.74,4.42,0.37,0.37,3.68,2.7
2026-03-29T21:07:15,local_labels_10clients_with_cross_edges,10,4,34.44,35.91,32.48,32.72,19.12,0.74,7.11,1.84,3.19,4.41,4.41
2026-03-29T21:07:15,local_labels_10clients_with_cross_edges,10,5,32.84,36.14,30.16,34.31,18.32,1.22,5.25,1.47,3.3,3.42,4.4
2026-03-29T21:07:15,local_labels_10clients_with_cross_edges,10,6,34.31,34.07,31.5,31.37,20.34,1.23,6.13,1.1,1.35,4.29,4.17
2026-03-29T21:07:15,local_labels_10clients_with_cross_edges,10,7,33.66,37.84,32.31,34.89,20.64,0.98,5.04,1.47,1.23,3.69,5.9
2026-03-29T21:07:15,local_labels_10clients_with_cross_edges,10,8,34.11,34.84,31.17,31.54,19.56,0.24,5.13,2.32,3.67,4.16,4.77
2026-03-29T21:07:15,local_labels_10clients_with_cross_edges,10,9,39.12,35.21,36.43,32.15,19.19,0.73,6.6,1.83,2.32,5.26,6.6
2026-03-29T21:07:15,global_labels_per_client_15clients_with_cross_edges,15,0,34.55,36.38,32.18,32.54,19.74,36.2,53.38,73.86,82.45,34.19,32.54
2026-03-29T21:07:15,global_labels_per_client_15clients_with_cross_edges,15,1,29.78,31.99,27.21,30.33,16.91,29.41,45.96,62.68,72.06,29.23,26.29
2026-03-29T21:07:15,global_labels_per_client_15clients_with_cross_edges,15,2,37.06,35.96,33.58,34.13,19.45,34.31,52.48,69.91,78.9,31.19,32.66
2026-03-29T21:07:15,global_labels_per_client_15clients_with_cross_edges,15,3,34.62,34.98,32.78,33.7,17.03,33.88,53.48,66.48,75.64,30.77,31.87
2026-03-29T21:07:15,global_labels_per_client_15clients_with_cross_edges,15,4,37.55,34.62,36.08,32.6,17.22,33.33,52.01,64.84,78.94,30.04,34.98
2026-03-29T21:07:15,global_labels_per_client_15clients_with_cross_edges,15,5,31.49,33.52,28.91,30.94,17.68,29.47,51.93,65.19,74.59,30.02,31.68
2026-03-29T21:07:15,global_labels_per_client_15clients_with_cross_edges,15,6,35.11,35.48,31.8,31.99,20.96,33.27,52.57,67.65,77.76,30.15,31.25
2026-03-29T21:07:15,global_labels_per_client_15clients_with_cross_edges,15,7,39.74,38.1,37.0,36.26,24.36,36.45,58.61,73.26,85.71,33.52,32.42
2026-03-29T21:07:15,global_labels_per_client_15clients_with_cross_edges,15,8,35.71,35.53,34.07,31.68,21.98,34.8,53.11,69.41,83.52,31.32,33.33
2026-03-29T21:07:15,global_labels_per_client_15clients_with_cross_edges,15,9,33.33,36.26,31.5,32.05,20.88,33.33,51.28,69.78,79.67,28.39,30.04
2026-03-29T21:07:15,global_labels_per_client_15clients_with_cross_edges,15,10,36.28,35.54,34.25,32.23,20.81,32.6,54.33,68.88,78.08,31.12,34.25
2026-03-29T21:07:15,global_labels_per_client_15clients_with_cross_edges,15,11,34.68,35.96,31.93,33.39,16.15,33.03,51.01,66.61,77.43,28.44,30.64
2026-03-29T21:07:15,global_labels_per_client_15clients_with_cross_edges,15,12,31.43,36.95,28.68,33.82,16.18,32.72,50.0,65.81,77.94,29.78,31.25
2026-03-29T21:07:15,global_labels_per_client_15clients_with_cross_edges,15,13,36.7,37.25,33.76,34.5,21.28,33.76,50.64,66.97,80.18,33.21,37.06
2026-03-29T21:07:15,global_labels_per_client_15clients_with_cross_edges,15,14,36.03,32.54,33.27,28.86,19.67,31.8,49.63,67.1,74.45,31.25,31.62
2026-03-29T21:07:15,local_labels_15clients_with_cross_edges,15,0,34.55,36.38,32.18,32.54,19.74,0.37,2.93,0.55,2.93,2.56,1.65
2026-03-29T21:07:15,local_labels_15clients_with_cross_edges,15,1,29.78,31.99,27.21,30.33,16.91,0.37,2.57,0.0,1.65,2.39,1.84
2026-03-29T21:07:15,local_labels_15clients_with_cross_edges,15,2,37.06,35.96,33.58,34.13,19.45,0.73,3.85,1.1,2.75,3.67,2.57
2026-03-29T21:07:15,local_labels_15clients_with_cross_edges,15,3,34.62,34.98,32.78,33.7,17.03,0.73,1.47,1.28,0.55,2.56,3.48
2026-03-29T21:07:15,local_labels_15clients_with_cross_edges,15,4,37.55,34.62,36.08,32.6,17.22,1.47,2.2,0.0,2.2,2.01,4.58
2026-03-29T21:07:15,local_labels_15clients_with_cross_edges,15,5,31.49,33.52,28.91,30.94,17.68,0.37,2.58,1.1,1.1,2.39,3.31
2026-03-29T21:07:15,local_labels_15clients_with_cross_edges,15,6,35.11,35.48,31.8,31.99,20.96,1.1,4.23,0.55,1.29,1.65,2.57
2026-03-29T21:07:15,local_labels_15clients_with_cross_edges,15,7,39.74,38.1,37.0,36.26,24.36,0.37,4.76,0.0,1.1,2.56,2.2
2026-03-29T21:07:15,local_labels_15clients_with_cross_edges,15,8,35.71,35.53,34.07,31.68,21.98,1.47,2.93,0.0,0.55,3.3,2.56
2026-03-29T21:07:15,local_labels_15clients_with_cross_edges,15,9,33.33,36.26,31.5,32.05,20.88,0.0,2.93,0.55,2.2,1.83,2.56
2026-03-29T21:07:15,local_labels_15clients_with_cross_edges,15,10,36.28,35.54,34.25,32.23,20.81,1.84,4.05,1.66,1.1,2.39,4.05
2026-03-29T21:07:15,local_labels_15clients_with_cross_edges,15,11,34.68,35.96,31.93,33.39,16.15,1.1,2.94,0.55,0.0,2.94,3.49
2026-03-29T21:07:15,local_labels_15clients_with_cross_edges,15,12,31.43,36.95,28.68,33.82,16.18,0.0,3.12,0.55,0.0,2.94,1.65
2026-03-29T21:07:15,local_labels_15clients_with_cross_edges,15,13,36.7,37.25,33.76,34.5,21.28,1.1,3.67,2.75,2.57,3.3,5.14
2026-03-29T21:07:15,local_labels_15clients_with_cross_edges,15,14,36.03,32.54,33.27,28.86,19.67,1.47,0.74,0.0,0.55,1.84,1.47
